"Date","Price","Open","High","Low","Vol.","Change %"
"08/20/2026","69,581.6","69,325.0","69,952.5","68,898.5","113.97K","0.37%"
"08/19/2026","69,325.7","64,718.0","69,979.5","64,157.3","99.69K","7.12%"
"08/18/2026","64,718.3","64,523.9","65,024.6","64,036.9","42.95K","0.30%"
"08/17/2026","64,524.8","62,883.8","64,578.0","62,745.5","51.96K","2.61%"
"08/16/2026","62,883.8","63,080.0","63,369.3","62,707.2","18.93K","-0.31%"
"08/15/2026","63,080.0","63,033.0","63,176.9","62,910.6","20.32K","0.07%"
"08/14/2026","63,032.9","63,477.8","63,602.9","62,553.7","49.23K","-0.70%"
"08/13/2026","63,476.9","63,462.4","63,980.3","62,849.0","42.40K","0.02%"
"08/12/2026","63,461.9","63,589.5","64,411.6","63,305.9","50.72K","-0.20%"
"08/11/2026","63,589.8","63,960.1","64,482.7","63,231.6","47.58K","-0.58%"
"08/10/2026","63,960.1","64,896.2","65,362.4","63,802.6","48.44K","-1.44%"
"08/09/2026","64,897.6","64,953.6","65,402.4","64,723.1","27.28K","-0.09%"
"08/08/2026","64,953.6","64,914.7","65,177.9","64,824.5","22.62K","0.06%"
"08/07/2026","64,914.7","64,303.7","65,373.2","64,167.7","43.96K","0.95%"
"08/06/2026","64,303.6","64,651.2","64,981.5","64,165.0","35.52K","-0.54%"
"08/05/2026","64,651.2","64,096.2","64,980.9","63,901.1","48.67K","0.87%"
"08/04/2026","64,096.2","63,510.2","64,516.0","63,333.6","47.61K","0.92%"
"08/03/2026","63,510.2","63,560.6","64,060.8","62,290.2","52.93K","-0.08%"
"08/02/2026","63,560.6","62,814.7","63,767.3","62,799.2","31.91K","1.19%"
"08/01/2026","62,814.7","62,875.6","63,140.8","62,280.6","28.05K","-0.10%"
"07/31/2026","62,875.5","64,770.0","65,364.3","62,478.2","69.66K","-2.92%"
"07/30/2026","64,770.0","63,967.8","65,121.7","63,592.2","57.32K","1.25%"
"07/29/2026","63,967.8","63,915.5","64,705.3","63,282.2","56.94K","0.08%"
"07/28/2026","63,916.0","63,748.7","64,079.1","62,785.5","47.87K","0.26%"
"07/27/2026","63,748.9","65,389.2","65,693.2","63,620.4","52.65K","-2.51%"
"07/26/2026","65,389.2","64,367.5","65,553.8","64,288.6","28.85K","1.59%"
"07/25/2026","64,367.5","64,129.4","64,441.5","63,800.5","30.02K","0.35%"
"07/24/2026","64,143.8","65,073.7","65,794.5","63,734.5","59.38K","-1.45%"
"07/23/2026","65,090.4","66,089.6","66,303.3","64,665.7","52.51K","-1.53%"
"07/22/2026","66,101.5","66,544.1","66,727.9","65,562.4","61.34K","-0.66%"
"07/21/2026","66,542.8","65,186.3","66,933.8","65,150.9","65.72K","2.00%"
"07/20/2026","65,238.3","64,593.0","65,784.7","63,760.0","65.81K","0.80%"
"07/19/2026","64,720.9","64,849.0","64,936.7","64,282.1","32.24K","-0.16%"
"07/18/2026","64,823.6","63,925.5","64,850.8","63,881.0","27.90K","1.41%"
"07/17/2026","63,925.1","63,829.2","64,364.8","62,537.9","61.14K","0.14%"
"07/16/2026","63,834.6","64,747.8","64,983.3","63,742.7","61.96K","-1.41%"
"07/15/2026","64,749.8","65,029.3","65,556.5","64,482.9","58.82K","-0.41%"
"07/14/2026","65,015.5","62,319.8","65,056.6","62,271.9","65.96K","4.33%"
"07/13/2026","62,319.8","63,776.4","64,392.1","61,815.7","71.75K","-2.28%"
"07/12/2026","63,776.0","63,815.4","64,251.1","63,642.7","44.96K","-0.07%"
"07/11/2026","63,818.6","64,122.2","64,489.8","63,815.7","29.67K","-0.52%"
"07/10/2026","64,154.1","63,206.5","64,673.1","62,955.5","59.08K","1.47%"
"07/09/2026","63,226.7","62,264.6","63,451.2","61,696.6","61.49K","1.52%"
"07/08/2026","62,282.8","63,324.7","63,726.3","61,546.6","61.66K","-1.65%"
"07/07/2026","63,325.1","64,054.8","64,287.9","62,682.8","56.48K","-1.10%"
"07/06/2026","64,028.0","63,635.7","64,600.6","61,332.2","67.51K","0.62%"
"07/05/2026","63,635.1","63,135.3","63,972.2","62,477.1","31.93K","0.79%"
"07/04/2026","63,135.3","62,589.6","63,441.5","62,328.6","33.41K","0.85%"
"07/03/2026","62,602.6","61,546.0","62,894.4","61,239.3","47.53K","1.72%"
"07/02/2026","61,546.2","60,012.1","62,169.3","59,577.5","79.87K","2.55%"
"07/01/2026","60,014.2","58,619.6","61,226.6","57,832.5","76.79K","2.36%"
"06/30/2026","58,630.8","60,218.0","60,231.3","58,189.4","81.12K","-2.61%"
"06/29/2026","60,205.0","59,555.7","60,753.8","58,956.8","63.36K","1.09%"
"06/28/2026","59,557.2","60,011.9","60,489.1","58,941.4","29.75K","-0.76%"
"06/27/2026","60,011.2","60,104.5","60,902.0","59,871.0","32.47K","-0.13%"
"06/26/2026","60,086.4","59,790.1","60,720.1","58,345.0","83.66K","0.52%"
"06/25/2026","59,776.7","61,046.8","61,938.3","58,131.4","87.23K","-2.09%"
"06/24/2026","61,052.5","62,721.3","63,106.2","59,115.8","94.92K","-2.66%"
"06/23/2026","62,721.3","63,990.3","64,258.8","61,969.3","61.89K","-2.01%"
"06/22/2026","64,005.0","63,365.9","65,555.3","63,365.9","51.09K","1.13%"
"06/21/2026","63,291.4","64,263.2","64,560.2","63,276.8","33.17K","-1.58%"
"06/20/2026","64,306.4","63,557.3","64,348.0","63,197.7","36.30K","1.21%"
"06/19/2026","63,539.8","62,914.7","63,625.0","62,314.1","45.60K","0.95%"
"06/18/2026","62,942.7","64,525.2","64,777.8","62,269.7","63.08K","-2.39%"
"06/17/2026","64,483.9","65,710.8","66,395.0","63,932.6","58.68K","-1.79%"
"06/16/2026","65,659.1","66,318.4","66,968.7","65,360.1","47.76K","-1.00%"
"06/15/2026","66,319.9","65,743.2","67,276.4","65,359.7","67.57K","0.87%"
"06/14/2026","65,744.9","64,432.0","65,787.3","63,679.0","46.55K","2.04%"
"06/13/2026","64,432.0","63,561.0","64,691.4","63,461.7","35.71K","1.38%"
"06/12/2026","63,555.6","63,604.7","64,371.5","62,836.2","53.76K","-0.08%"
"06/11/2026","63,606.1","61,498.5","63,864.4","61,498.5","58.15K","3.42%"
"06/10/2026","61,501.9","61,722.9","62,833.5","60,800.0","54.67K","-0.34%"
"06/09/2026","61,713.5","63,082.4","63,508.6","60,801.4","102.27K","-2.17%"
"06/08/2026","63,082.8","63,320.2","64,191.9","62,419.0","72.14K","-0.39%"
"06/07/2026","63,327.7","60,881.5","63,872.3","60,749.2","78.55K","4.01%"
"06/06/2026","60,883.4","61,035.6","61,506.3","59,507.2","61.71K","-0.16%"
"06/05/2026","60,979.3","63,863.5","63,942.2","59,159.3","151.65K","-4.51%"
"06/04/2026","63,861.8","65,187.9","65,290.2","61,442.7","131.32K","-2.00%"
"06/03/2026","65,167.9","66,737.3","67,467.4","64,808.3","98.42K","-2.35%"
"06/02/2026","66,739.2","71,399.8","71,399.8","66,204.7","112.69K","-6.53%"
"06/01/2026","71,398.8","73,661.9","74,045.7","70,680.8","77.46K","-3.07%"
"05/31/2026","73,658.9","73,848.0","74,256.7","73,409.9","27.95K","-0.26%"
"05/30/2026","73,847.9","73,455.8","74,112.6","73,210.6","33.11K","0.54%"
"05/29/2026","73,448.9","73,710.3","74,307.5","72,531.5","64.38K","-0.21%"
"05/28/2026","73,605.9","74,496.7","74,569.6","72,592.2","72.18K","-1.11%"
"05/27/2026","74,429.5","75,910.5","76,080.1","74,232.1","54.27K","-1.95%"
"05/26/2026","75,908.6","77,309.3","78,041.9","75,659.7","58.62K","-1.83%"
"05/25/2026","77,326.0","77,127.6","77,860.5","76,921.3","29.43K","0.36%"
"05/24/2026","77,049.0","76,724.4","77,349.7","76,112.7","31.06K","0.41%"
"05/23/2026","76,738.0","75,512.0","77,294.1","74,346.5","51.37K","1.61%"
"05/22/2026","75,525.8","77,557.4","77,883.2","75,418.0","46.93K","-2.68%"
"05/21/2026","77,603.6","77,530.9","78,165.2","76,728.9","43.62K","0.09%"
"05/20/2026","77,536.0","76,828.9","77,790.5","76,518.9","42.62K","0.93%"
"05/19/2026","76,820.4","76,976.3","77,384.3","76,171.7","44.91K","-0.23%"
"05/18/2026","76,993.7","77,351.4","77,769.2","76,066.0","70.67K","-0.60%"
"05/17/2026","77,456.8","78,204.6","78,578.0","76,874.6","28.75K","-0.90%"
"05/16/2026","78,156.8","79,099.4","79,221.0","77,680.4","43.32K","-1.19%"
"05/15/2026","79,099.5","81,080.4","81,642.3","78,694.1","59.16K","-2.44%"
"05/14/2026","81,080.4","79,309.1","82,029.4","78,939.4","78.15K","2.23%"
"05/13/2026","79,309.1","80,498.1","81,307.9","78,755.6","58.00K","-1.48%"
"05/12/2026","80,498.4","81,741.3","81,775.2","79,858.0","52.17K","-1.52%"
"05/11/2026","81,741.2","82,190.7","82,288.5","80,528.7","47.74K","-0.55%"
"05/10/2026","82,190.9","80,689.2","82,431.7","80,313.0","40.02K","1.88%"
"05/09/2026","80,677.8","80,195.4","81,058.2","80,130.0","26.66K","0.60%"
"05/08/2026","80,196.8","80,019.1","80,404.9","79,274.1","50.78K","0.21%"
"05/07/2026","80,025.3","81,439.3","81,703.2","79,566.5","57.38K","-1.74%"
"05/06/2026","81,444.6","80,907.8","82,791.3","80,799.0","64.67K","0.66%"
"05/05/2026","80,908.1","79,828.1","81,752.5","79,812.5","63.39K","1.35%"
"05/04/2026","79,828.2","78,565.5","80,684.8","78,224.2","82.69K","1.61%"
"05/03/2026","78,565.5","78,684.9","79,402.1","78,083.0","26.99K","-0.15%"
"05/02/2026","78,684.9","78,229.9","79,117.2","78,039.6","21.94K","0.58%"
"05/01/2026","78,229.8","76,325.0","78,860.1","76,325.0","68.13K","2.51%"
"04/30/2026","76,316.6","75,775.1","76,636.2","75,337.4","43.39K","0.72%"
"04/29/2026","75,771.6","76,346.1","77,882.4","74,981.4","63.36K","-0.75%"
"04/28/2026","76,346.2","77,373.1","77,467.8","75,675.9","50.12K","-1.33%"
"04/27/2026","77,373.1","78,641.4","79,461.7","76,519.3","57.20K","-1.61%"
"04/26/2026","78,641.1","77,623.6","78,895.9","77,333.8","29.32K","1.31%"
"04/25/2026","77,623.2","77,431.8","77,888.1","77,201.6","23.00K","0.25%"
"04/24/2026","77,431.8","78,257.7","78,526.3","77,297.1","48.78K","-1.06%"
"04/23/2026","78,257.7","78,185.1","78,611.5","76,982.8","61.59K","0.09%"
"04/22/2026","78,185.1","76,332.7","79,446.3","76,150.7","71.69K","2.43%"
"04/21/2026","76,332.7","75,849.1","76,863.9","74,847.5","50.42K","0.64%"
"04/20/2026","75,848.2","73,806.8","76,528.2","73,763.4","58.58K","2.77%"
"04/19/2026","73,807.2","75,708.0","76,218.1","73,785.2","40.67K","-2.51%"
"04/18/2026","75,708.0","77,126.1","77,411.8","75,502.3","33.17K","-1.84%"
"04/17/2026","77,127.2","75,171.4","78,268.4","74,558.2","88.66K","2.60%"
"04/16/2026","75,171.4","74,800.3","75,444.0","73,395.2","55.47K","0.50%"
"04/15/2026","74,800.3","74,164.2","75,384.1","73,561.0","51.71K","0.86%"
"04/14/2026","74,164.9","74,436.1","76,043.7","73,874.8","97.85K","-0.42%"
"04/13/2026","74,478.8","70,742.4","74,874.2","70,575.3","84.73K","5.28%"
"04/12/2026","70,744.2","73,047.9","73,136.6","70,554.8","43.88K","-3.15%"
"04/11/2026","73,046.1","72,967.4","73,765.4","72,562.9","30.98K","0.12%"
"04/10/2026","72,961.6","71,787.8","73,401.2","71,438.9","60.69K","1.64%"
"04/09/2026","71,784.0","71,092.9","73,053.2","70,488.1","58.89K","0.95%"
"04/08/2026","71,108.5","71,933.6","72,835.1","70,749.2","68.29K","-1.15%"
"04/07/2026","71,939.0","68,846.8","72,669.7","67,753.1","70.34K","4.48%"
"04/06/2026","68,852.6","69,023.0","70,265.0","68,435.5","66.69K","-0.23%"
"04/05/2026","69,011.9","67,298.1","69,114.9","66,624.2","35.99K","2.55%"
"04/04/2026","67,297.5","66,958.4","67,529.4","66,775.3","24.06K","0.51%"
"04/03/2026","66,955.1","66,898.4","67,283.7","66,284.3","37.99K","0.08%"
"04/02/2026","66,898.3","68,104.4","68,639.1","65,773.4","64.32K","-1.77%"
"04/01/2026","68,101.0","68,264.6","69,261.5","67,589.7","59.86K","-0.25%"
"03/31/2026","68,268.3","66,764.1","68,503.4","66,004.6","70.23K","2.27%"
"03/30/2026","66,754.6","65,995.6","68,097.9","65,795.1","63.65K","1.15%"
"03/29/2026","65,994.6","66,365.7","67,076.8","65,015.2","34.74K","-0.56%"
"03/28/2026","66,364.3","66,396.0","67,265.5","65,947.7","36.57K","-0.05%"
"03/27/2026","66,395.8","68,812.6","69,153.6","65,578.2","92.63K","-3.51%"
"03/26/2026","68,812.6","71,326.8","71,419.0","68,172.2","68.45K","-3.52%"
"03/25/2026","71,326.8","70,553.0","71,978.6","70,414.5","56.70K","1.10%"
"03/24/2026","70,549.3","70,906.7","71,368.8","68,943.3","63.95K","-0.51%"
"03/23/2026","70,908.5","67,871.0","71,791.4","67,469.9","81.14K","4.47%"
"03/22/2026","67,876.5","68,886.7","69,541.1","67,399.4","47.11K","-1.46%"
"03/21/2026","68,880.5","70,513.2","71,058.4","68,643.6","35.79K","-2.32%"
"03/20/2026","70,517.2","69,921.8","71,347.1","69,405.0","58.03K","0.86%"
"03/19/2026","69,916.7","71,246.6","71,574.9","68,814.4","70.63K","-1.87%"
"03/18/2026","71,247.9","73,912.8","74,642.2","70,501.3","72.98K","-3.60%"
"03/17/2026","73,908.9","74,864.8","75,991.2","73,460.7","79.48K","-1.28%"
"03/16/2026","74,864.1","72,816.2","74,900.7","72,307.2","89.61K","2.81%"
"03/15/2026","72,816.0","71,203.5","73,135.9","70,866.9","43.82K","2.27%"
"03/14/2026","71,203.1","70,954.2","71,293.1","70,403.4","35.82K","0.35%"
"03/13/2026","70,957.0","70,500.3","73,904.1","70,396.4","99.06K","0.66%"
"03/12/2026","70,494.1","70,192.0","70,734.1","69,226.5","67.11K","0.43%"
"03/11/2026","70,190.1","69,952.4","71,317.5","68,997.5","77.24K","0.34%"
"03/10/2026","69,951.9","68,424.7","71,742.9","68,401.8","93.01K","2.22%"
"03/09/2026","68,435.5","65,994.0","69,452.7","65,858.8","90.37K","3.73%"
"03/08/2026","65,972.6","67,317.1","68,187.0","65,641.7","59.59K","-1.91%"
"03/07/2026","67,258.9","68,123.4","68,519.4","66,983.1","43.68K","-1.27%"
"03/06/2026","68,123.9","70,892.9","71,361.1","67,755.5","76.77K","-3.90%"
"03/05/2026","70,887.5","72,744.3","73,540.2","70,661.7","89.38K","-2.59%"
"03/04/2026","72,768.7","68,319.3","74,031.0","67,426.4","136.55K","6.51%"
"03/03/2026","68,318.5","68,802.7","69,213.3","66,288.7","80.59K","-0.69%"
"03/02/2026","68,790.8","65,806.6","69,986.4","65,307.8","108.80K","4.60%"
"03/01/2026","65,763.3","66,990.7","68,159.2","65,093.1","71.35K","-1.84%"
"02/28/2026","66,995.0","65,881.5","67,657.4","63,068.7","78.94K","1.71%"
"02/27/2026","65,870.2","67,487.7","68,190.8","65,018.7","75.21K","-2.39%"
"02/26/2026","67,482.1","67,987.2","68,842.9","66,573.7","72.07K","-0.73%"
"02/25/2026","67,978.8","64,058.2","69,819.3","63,930.4","105.59K","6.14%"
"02/24/2026","64,048.8","64,655.2","65,002.3","62,650.1","79.66K","-0.95%"
"02/23/2026","64,662.7","67,640.0","67,665.4","63,939.0","108.84K","-4.41%"
"02/22/2026","67,642.9","68,003.0","68,243.1","67,197.7","32.60K","-0.54%"
"02/21/2026","68,011.1","68,018.1","68,673.3","67,556.4","31.40K","-0.02%"
"02/20/2026","68,023.5","66,983.7","68,299.4","66,501.8","90.38K","1.56%"
"02/19/2026","66,978.9","66,466.7","67,304.6","65,653.5","53.72K","0.76%"
"02/18/2026","66,473.2","67,495.7","68,445.8","65,896.5","56.70K","-1.51%"
"02/17/2026","67,490.9","68,889.4","69,174.4","66,649.2","54.94K","-2.03%"
"02/16/2026","68,890.7","68,818.7","70,076.0","67,315.0","52.19K","0.11%"
"02/15/2026","68,813.8","69,797.0","70,961.2","68,076.1","59.22K","-1.39%"
"02/14/2026","69,784.4","68,828.7","70,494.5","68,725.6","56.53K","1.31%"
"02/13/2026","68,883.4","66,234.1","69,405.5","65,871.0","70.10K","3.98%"
"02/12/2026","66,248.7","67,048.8","68,349.5","65,138.1","79.76K","-1.19%"
"02/11/2026","67,048.8","68,809.2","69,273.9","65,790.0","89.97K","-2.56%"
"02/10/2026","68,810.3","70,122.7","70,474.2","67,958.3","70.29K","-1.88%"
"02/09/2026","70,127.9","70,356.0","71,379.5","68,389.3","89.05K","-0.30%"
"02/08/2026","70,342.0","69,318.8","72,204.2","68,888.1","64.85K","1.48%"
"02/07/2026","69,319.5","70,556.0","71,570.4","67,397.4","113.64K","-1.75%"
"02/06/2026","70,555.7","62,863.8","71,696.0","60,187.0","234.06K","12.25%"
"02/05/2026","62,857.9","73,136.1","73,292.0","62,562.2","259.10K","-14.05%"
"02/04/2026","73,137.0","75,734.8","76,929.2","71,913.4","113.35K","-3.42%"
"02/03/2026","75,724.8","78,725.6","79,158.4","73,004.3","112.17K","-3.81%"
"02/02/2026","78,720.6","76,956.6","79,251.0","74,635.5","124.03K","2.27%"
"02/01/2026","76,976.1","78,720.6","79,355.0","75,766.8","76.61K","-2.22%"
"01/31/2026","78,726.5","84,227.7","84,240.8","75,993.4","105.81K","-6.54%"
"01/30/2026","84,235.5","84,657.0","84,705.1","81,201.5","109.59K","-0.51%"
"01/29/2026","84,667.1","89,261.5","89,304.7","83,405.7","95.05K","-5.14%"
"01/28/2026","89,253.2","89,224.5","90,520.9","88,820.7","50.90K","0.03%"
"01/27/2026","89,224.7","88,331.3","89,494.4","87,301.8","49.57K","1.01%"
"01/26/2026","88,331.3","86,644.3","88,810.8","86,520.8","65.76K","1.95%"
"01/25/2026","86,642.0","89,254.7","89,298.8","86,092.1","48.59K","-2.93%"
"01/24/2026","89,254.9","89,576.8","89,901.9","89,142.1","16.96K","-0.36%"
"01/23/2026","89,580.6","89,529.5","91,185.7","88,587.5","49.44K","0.07%"
"01/22/2026","89,520.5","89,433.1","90,330.6","88,536.1","41.98K","0.10%"
"01/21/2026","89,433.8","88,400.0","90,498.2","87,285.1","73.67K","1.17%"
"01/20/2026","88,400.3","92,617.8","92,857.5","87,911.4","72.37K","-4.55%"
"01/19/2026","92,617.8","92,886.3","93,386.9","92,083.1","49.95K","-1.13%"
"01/18/2026","93,671.6","95,141.4","95,522.6","93,618.7","25.30K","-1.54%"
"01/17/2026","95,141.4","95,547.1","95,628.4","95,037.6","17.34K","-0.43%"
"01/16/2026","95,549.6","95,585.7","95,839.4","94,288.8","43.13K","-0.04%"
"01/15/2026","95,585.1","96,942.4","97,181.4","95,132.8","74.07K","-1.39%"
"01/14/2026","96,934.5","95,395.5","97,838.4","94,608.9","93.40K","1.61%"
"01/13/2026","95,395.5","91,271.9","96,033.3","91,021.4","84.97K","4.52%"
"01/12/2026","91,271.9","90,935.4","92,484.3","90,134.5","57.93K","0.37%"
"01/11/2026","90,935.4","90,485.1","91,246.6","90,304.0","21.01K","0.50%"
"01/10/2026","90,485.1","90,605.4","90,796.7","90,383.1","14.76K","-0.13%"
"01/09/2026","90,605.0","91,082.4","91,982.5","89,696.5","52.89K","-0.52%"
"01/08/2026","91,081.7","91,342.6","91,528.6","89,347.3","58.38K","-0.29%"
"01/07/2026","91,342.6","93,739.2","93,739.2","90,670.5","54.26K","-2.56%"
"01/06/2026","93,739.3","93,862.1","94,417.6","91,544.4","64.90K","-0.13%"
"01/05/2026","93,862.2","91,543.7","94,745.2","91,543.7","73.27K","2.53%"
"01/04/2026","91,545.4","90,621.9","91,757.9","90,621.9","38.27K","1.02%"
"01/03/2026","90,621.9","89,982.0","90,715.1","89,337.0","26.63K","0.71%"
"01/02/2026","89,982.7","88,812.2","90,913.5","88,392.0","62.70K","1.32%"
"01/01/2026","88,812.1","87,614.1","88,887.5","87,520.6","26.71K","1.37%"
"12/31/2025","87,612.7","88,469.5","89,119.3","87,245.6","45.91K","-0.97%"
"12/30/2025","88,469.6","87,217.8","89,365.6","86,828.9","49.16K","1.44%"
"12/29/2025","87,217.7","87,912.0","90,378.3","86,827.7","75.31K","-0.78%"
"12/28/2025","87,904.3","87,853.0","88,030.5","87,448.9","21.00K","0.06%"
"12/27/2025","87,850.8","87,357.6","87,935.1","87,252.0","19.68K","0.56%"
"12/26/2025","87,357.9","87,248.0","89,519.0","86,684.7","66.26K","0.12%"
"12/25/2025","87,249.3","87,656.8","88,524.0","86,959.9","25.91K","-0.46%"
"12/24/2025","87,656.8","87,467.9","88,009.6","86,448.4","35.44K","0.22%"
"12/23/2025","87,467.9","88,550.6","88,923.0","86,651.2","49.12K","-1.22%"
"12/22/2025","88,547.2","88,640.6","90,457.5","87,945.7","53.40K","-0.10%"
"12/21/2025","88,636.8","88,364.1","89,059.0","87,633.6","26.47K","0.31%"
"12/20/2025","88,364.0","88,131.4","88,535.8","87,958.3","19.66K","0.26%"
"12/19/2025","88,131.4","85,509.0","89,347.8","85,155.1","64.26K","3.07%"
"12/18/2025","85,510.1","86,229.8","89,380.1","84,490.5","73.95K","-0.84%"
"12/17/2025","86,230.2","87,859.5","90,258.2","85,351.4","61.48K","-1.85%"
"12/16/2025","87,853.4","86,429.2","88,133.0","85,392.1","59.23K","1.65%"
"12/15/2025","86,428.6","88,154.4","89,974.1","85,228.8","61.65K","-1.96%"
"12/14/2025","88,155.3","90,248.3","90,472.3","87,657.9","32.26K","-2.32%"
"12/13/2025","90,249.3","90,272.0","90,638.1","89,781.3","23.47K","-0.03%"
"12/12/2025","90,272.0","92,510.4","92,744.6","89,498.1","49.84K","-2.42%"
"12/11/2025","92,507.4","92,005.0","93,539.4","89,324.1","65.64K","0.56%"
"12/10/2025","91,996.1","92,685.7","94,458.1","91,608.0","61.84K","-0.75%"
"12/09/2025","92,693.0","90,636.1","94,591.4","89,592.2","68.38K","2.27%"
"12/08/2025","90,636.2","90,413.6","92,269.1","89,640.7","51.82K","0.25%"
"12/07/2025","90,413.6","89,209.8","91,736.8","87,747.6","38.67K","1.35%"
"12/06/2025","89,209.8","89,333.6","90,176.5","88,929.5","30.14K","-0.14%"
"12/05/2025","89,333.6","92,082.8","92,676.4","88,218.4","61.14K","-2.99%"
"12/04/2025","92,082.8","93,437.2","94,043.9","90,933.2","60.28K","-1.45%"
"12/03/2025","93,437.2","91,286.8","94,077.0","91,020.8","79.02K","2.35%"
"12/02/2025","91,287.6","86,315.2","92,285.4","86,189.8","87.36K","5.77%"
"12/01/2025","86,309.1","90,372.2","90,372.2","83,858.1","105.96K","-4.50%"
"11/30/2025","90,374.2","90,804.1","91,957.0","90,351.7","31.09K","-0.47%"
"11/29/2025","90,800.5","90,894.7","91,160.2","90,225.3","28.05K","-0.10%"
"11/28/2025","90,894.7","91,324.7","92,942.6","90,221.5","60.08K","-0.47%"
"11/27/2025","91,324.6","90,497.8","91,888.0","90,099.9","58.08K","0.92%"
"11/26/2025","90,496.5","87,363.1","90,582.8","86,334.8","70.68K","3.58%"
"11/25/2025","87,366.8","88,296.1","88,502.6","86,162.0","70.67K","-1.05%"
"11/24/2025","88,296.5","86,828.4","89,210.6","85,307.2","81.64K","1.69%"
"11/23/2025","86,826.6","84,729.0","87,995.8","84,729.0","67.53K","2.48%"
"11/22/2025","84,721.6","85,117.2","85,557.3","83,518.8","49.35K","-0.48%"
"11/21/2025","85,131.0","86,610.6","87,460.0","80,697.7","177.95K","-1.71%"
"11/20/2025","86,613.9","91,543.3","93,123.3","86,105.4","114.40K","-5.39%"
"11/19/2025","91,544.1","92,962.3","92,962.3","88,610.4","95.86K","-1.53%"
"11/18/2025","92,962.3","92,196.6","93,781.8","89,391.9","115.10K","0.83%"
"11/17/2025","92,195.0","94,259.8","96,002.7","91,327.8","109.89K","-2.19%"
"11/16/2025","94,259.8","95,587.6","96,575.1","93,043.5","68.24K","-1.39%"
"11/15/2025","95,587.6","94,557.5","96,799.5","94,557.5","48.15K","1.09%"
"11/14/2025","94,554.3","99,707.0","99,843.9","94,126.2","131.30K","-5.19%"
"11/13/2025","99,728.7","101,652.8","104,008.7","98,027.4","100.44K","-1.90%"
"11/12/2025","101,658.3","103,046.7","105,309.1","100,858.0","63.52K","-1.35%"
"11/11/2025","103,046.7","106,003.2","107,461.3","102,484.3","73.04K","-2.79%"
"11/10/2025","106,006.9","104,720.8","106,629.5","104,285.0","70.75K","1.23%"
"11/09/2025","104,722.4","102,311.3","105,409.1","101,469.1","51.64K","2.36%"
"11/08/2025","102,311.1","103,326.4","103,397.6","101,474.0","41.41K","-0.98%"
"11/07/2025","103,325.4","101,330.3","104,067.9","99,290.8","94.27K","1.97%"
"11/06/2025","101,325.7","103,893.0","104,160.7","100,350.9","78.43K","-2.47%"
"11/05/2025","103,896.7","101,500.8","104,534.3","99,010.6","98.50K","2.36%"
"11/04/2025","101,504.3","106,584.3","107,293.1","99,001.8","134.18K","-4.76%"
"11/03/2025","106,578.1","110,566.9","110,736.3","105,331.7","85.37K","-3.62%"
"11/02/2025","110,586.6","110,097.1","111,229.8","109,537.0","41.82K","0.44%"
"11/01/2025","110,103.6","109,602.7","110,534.6","109,406.7","27.13K","0.46%"
"10/31/2025","109,602.8","108,319.5","111,102.2","108,319.5","68.61K","1.18%"
"10/30/2025","108,320.1","110,024.9","111,585.8","106,371.4","80.07K","-1.55%"
"10/29/2025","110,024.6","112,904.7","113,628.7","109,506.4","66.99K","-2.55%"
"10/28/2025","112,905.8","114,110.3","116,076.7","112,266.9","52.49K","-1.05%"
"10/27/2025","114,108.0","114,553.9","116,307.5","113,868.0","70.79K","-0.39%"
"10/26/2025","114,550.9","111,646.0","115,153.9","111,261.9","42.74K","2.60%"
"10/25/2025","111,646.1","111,012.4","111,921.3","110,702.1","23.30K","0.57%"
"10/24/2025","111,013.1","110,078.9","111,966.0","109,776.0","51.79K","0.85%"
"10/23/2025","110,078.9","107,587.5","111,285.9","107,518.9","59.44K","2.32%"
"10/22/2025","107,587.5","108,336.4","109,081.5","106,746.2","86.97K","-0.70%"
"10/21/2025","108,340.9","110,544.0","113,971.6","107,491.1","108.22K","-1.99%"
"10/20/2025","110,544.0","108,656.3","111,677.2","107,443.1","64.94K","1.74%"
"10/19/2025","108,658.2","107,189.9","109,456.1","106,134.9","52.65K","1.37%"
"10/18/2025","107,193.5","106,469.4","107,489.0","106,356.9","40.28K","0.70%"
"10/17/2025","106,443.5","108,205.5","109,232.3","103,632.7","106.66K","-1.63%"
"10/16/2025","108,204.8","110,767.4","111,960.2","107,549.1","92.62K","-2.31%"
"10/15/2025","110,767.4","113,029.8","113,611.9","110,206.4","72.25K","-2.00%"
"10/14/2025","113,030.8","115,174.8","115,400.6","109,948.0","95.33K","-1.86%"
"10/13/2025","115,174.8","114,985.9","115,893.1","113,802.1","71.35K","0.16%"
"10/12/2025","114,986.0","110,670.9","115,733.9","109,612.8","93.16K","3.90%"
"10/11/2025","110,671.5","112,878.0","113,315.0","109,677.7","107.25K","-1.96%"
"10/10/2025","112,878.6","121,666.6","122,492.8","103,893.3","153.63K","-7.22%"
"10/09/2025","121,666.3","123,337.6","123,710.9","119,732.7","67.35K","-1.33%"
"10/08/2025","123,311.1","121,356.7","124,139.3","121,086.1","57.67K","1.61%"
"10/07/2025","121,356.6","124,687.5","125,112.9","120,624.3","70.42K","-2.70%"
"10/06/2025","124,725.1","123,475.5","126,186.0","123,144.6","68.95K","1.01%"
"10/05/2025","123,475.5","122,387.1","125,617.4","122,146.2","66.03K","0.89%"
"10/04/2025","122,387.1","122,224.8","122,810.6","121,530.5","31.34K","0.13%"
"10/03/2025","122,224.2","120,566.1","123,889.8","119,272.6","81.43K","1.38%"
"10/02/2025","120,566.1","118,577.1","121,023.0","118,318.1","69.08K","1.68%"
"10/01/2025","118,576.2","114,048.7","118,634.5","113,970.5","69.15K","3.97%"
"09/30/2025","114,048.5","114,355.4","114,776.2","112,672.5","53.07K","-0.27%"
"09/29/2025","114,357.5","112,177.4","114,412.5","111,571.1","55.53K","1.95%"
"09/28/2025","112,174.6","109,652.8","112,355.8","109,213.5","28.91K","2.30%"
"09/27/2025","109,652.8","109,662.2","109,734.3","109,090.8","22.46K","-0.01%"
"09/26/2025","109,662.2","109,012.4","110,299.1","108,673.0","54.26K","0.59%"
"09/25/2025","109,016.3","113,307.1","113,508.6","108,675.3","69.14K","-3.79%"
"09/24/2025","113,307.1","112,002.9","113,951.0","111,212.0","43.29K","1.16%"
"09/23/2025","112,002.6","112,673.0","113,279.9","111,501.9","44.21K","-0.60%"
"09/22/2025","112,673.0","115,243.3","115,382.7","111,964.9","67.57K","-2.23%"
"09/21/2025","115,243.0","115,699.2","115,833.2","115,205.5","19.28K","-0.39%"
"09/20/2025","115,699.2","115,649.0","116,138.4","115,424.9","20.42K","0.04%"
"09/19/2025","115,649.0","117,089.2","117,470.7","115,133.5","36.98K","-1.23%"
"09/18/2025","117,086.0","116,426.5","117,910.4","116,144.9","46.50K","0.57%"
"09/17/2025","116,425.9","116,795.9","117,284.2","114,782.5","56.85K","-0.32%"
"09/16/2025","116,795.9","115,362.1","116,970.0","114,801.0","43.05K","1.24%"
"09/15/2025","115,362.1","115,314.2","116,723.2","114,412.2","48.68K","0.04%"
"09/14/2025","115,314.6","115,924.8","116,165.6","115,158.3","25.84K","-0.53%"
"09/13/2025","115,924.9","116,042.6","116,292.4","115,207.3","30.79K","-0.10%"
"09/12/2025","116,042.8","115,490.5","116,684.3","114,766.1","56.48K","0.48%"
"09/11/2025","115,490.2","113,963.5","115,490.6","113,446.6","47.81K","1.34%"
"09/10/2025","113,963.5","111,517.1","114,300.7","110,938.8","62.24K","2.19%"
"09/09/2025","111,516.5","112,066.3","113,259.9","110,781.1","53.76K","-0.49%"
"09/08/2025","112,068.4","111,140.9","112,896.9","110,630.5","41.95K","0.83%"
"09/07/2025","111,150.1","110,194.4","111,594.1","110,185.6","23.81K","0.87%"
"09/06/2025","110,194.4","110,660.1","111,313.4","110,010.5","21.14K","-0.41%"
"09/05/2025","110,652.2","110,727.9","113,315.6","110,234.6","63.56K","-0.05%"
"09/04/2025","110,712.7","111,716.5","112,189.1","109,344.8","43.30K","-0.90%"
"09/03/2025","111,716.5","111,227.9","112,568.1","110,547.9","43.05K","0.45%"
"09/02/2025","111,218.3","109,241.6","111,714.6","108,425.3","60.02K","1.81%"
"09/01/2025","109,243.3","108,247.3","109,898.5","107,274.7","53.13K","0.94%"
"08/31/2025","108,226.8","108,818.1","109,484.2","108,092.6","33.80K","-0.54%"
"08/30/2025","108,818.1","108,367.7","108,925.3","107,433.4","41.99K","0.43%"
"08/29/2025","108,355.6","112,568.9","112,617.3","107,538.7","69.98K","-3.74%"
"08/28/2025","112,568.9","111,263.2","113,464.6","110,887.7","41.38K","1.18%"
"08/27/2025","111,255.6","111,768.6","112,611.3","110,409.9","44.41K","-0.46%"
"08/26/2025","111,768.6","110,118.4","112,377.0","108,768.3","62.08K","1.50%"
"08/25/2025","110,118.4","113,486.6","113,665.1","109,295.1","76.94K","-2.97%"
"08/24/2025","113,483.2","115,431.5","115,663.3","110,815.9","64.88K","-1.69%"
"08/23/2025","115,433.3","116,928.9","117,024.3","114,576.5","39.63K","-1.28%"
"08/22/2025","116,928.9","112,492.9","117,416.9","111,698.5","72.83K","3.95%"
"08/21/2025","112,481.1","114,275.0","114,776.3","112,023.0","43.00K","-1.57%"
"08/20/2025","114,275.0","112,878.1","114,616.7","112,409.4","54.63K","1.24%"
"08/19/2025","112,880.3","116,218.9","116,729.2","112,750.9","62.15K","-2.86%"
"08/18/2025","116,203.8","117,417.9","117,552.7","114,653.8","58.82K","-1.02%"
"08/17/2025","117,405.4","117,393.8","118,559.4","117,192.4","21.87K","-0.01%"
"08/16/2025","117,413.4","117,356.3","117,914.9","117,195.6","25.18K","0.05%"
"08/15/2025","117,356.3","118,314.1","119,231.9","116,816.8","45.23K","-0.81%"
"08/14/2025","118,314.2","123,313.6","124,436.8","117,275.1","86.59K","-4.06%"
"08/13/2025","123,323.4","120,138.4","123,651.8","118,959.9","76.09K","2.64%"
"08/12/2025","120,146.2","118,689.6","120,317.2","118,217.4","56.86K","1.23%"
"08/11/2025","118,689.6","119,291.8","122,319.5","118,242.5","81.13K","-0.50%"
"08/10/2025","119,287.0","116,468.4","119,305.3","116,468.4","46.65K","2.42%"
"08/09/2025","116,471.6","116,676.5","117,893.0","116,357.7","34.33K","-0.18%"
"08/08/2025","116,676.3","117,480.5","117,625.1","115,917.8","39.88K","-0.68%"
"08/07/2025","117,480.5","115,002.1","117,628.4","114,267.3","47.52K","2.16%"
"08/06/2025","115,002.1","114,131.7","115,714.0","113,361.2","34.73K","0.76%"
"08/05/2025","114,139.1","115,055.3","115,111.7","112,678.9","41.41K","-0.80%"
"08/04/2025","115,055.3","114,213.1","115,720.9","114,116.1","36.55K","0.74%"
"08/03/2025","114,213.1","112,547.9","114,758.4","111,992.4","27.15K","1.48%"
"08/02/2025","112,547.7","113,306.4","114,050.0","112,015.5","38.34K","-0.67%"
"08/01/2025","113,312.1","115,766.7","116,054.6","112,760.6","77.85K","-2.12%"
"07/31/2025","115,765.0","117,840.4","118,920.7","115,510.0","56.43K","-1.76%"
"07/30/2025","117,840.4","117,949.8","118,693.5","115,830.7","48.17K","-0.09%"
"07/29/2025","117,950.1","118,054.8","119,261.0","117,002.7","51.88K","-0.09%"
"07/28/2025","118,053.9","119,402.7","119,788.2","117,426.5","61.81K","-1.13%"
"07/27/2025","119,398.1","117,918.3","119,771.1","117,840.4","34.87K","1.26%"
"07/26/2025","117,917.6","117,632.2","118,298.1","117,150.5","31.06K","0.24%"
"07/25/2025","117,631.9","118,311.5","118,449.8","114,843.5","131.51K","-0.57%"
"07/24/2025","118,310.9","118,760.7","119,459.7","117,141.7","55.00K","-0.38%"
"07/23/2025","118,763.0","119,965.5","120,089.5","117,345.2","50.19K","-1.00%"
"07/22/2025","119,965.5","117,388.2","120,253.1","116,199.1","70.23K","2.20%"
"07/21/2025","117,388.1","117,297.2","119,634.0","116,540.9","54.78K","0.08%"
"07/20/2025","117,297.2","117,848.4","118,860.0","116,515.2","40.07K","-0.47%"
"07/19/2025","117,848.4","117,942.3","118,508.2","117,308.6","23.56K","-0.08%"
"07/18/2025","117,940.3","119,196.4","120,801.2","116,839.2","66.90K","-1.05%"
"07/17/2025","119,194.9","118,680.6","120,944.5","117,489.7","55.75K","0.43%"
"07/16/2025","118,683.2","117,762.4","120,028.0","117,030.5","60.71K","0.78%"
"07/15/2025","117,762.3","119,846.7","119,944.0","115,774.0","113.79K","-1.74%"
"07/14/2025","119,849.5","119,092.2","123,104.7","118,913.7","89.94K","0.64%"
"07/13/2025","119,090.6","117,422.4","119,441.6","117,247.7","33.24K","1.42%"
"07/12/2025","117,419.5","117,535.6","118,206.6","116,951.2","32.19K","-0.10%"
"07/11/2025","117,535.6","115,994.0","118,848.4","115,261.9","89.27K","1.33%"
"07/10/2025","115,993.6","111,246.1","116,626.3","110,631.9","82.26K","4.27%"
"07/09/2025","111,246.0","108,913.1","111,915.7","108,329.9","56.81K","2.14%"
"07/08/2025","108,913.1","108,267.6","109,208.3","107,474.2","32.36K","0.59%"
"07/07/2025","108,269.6","109,207.0","109,686.8","107,526.5","35.34K","-0.86%"
"07/06/2025","109,207.0","108,204.7","109,701.8","107,818.8","21.94K","0.93%"
"07/05/2025","108,204.7","107,989.6","108,357.5","107,797.8","14.93K","0.20%"
"07/04/2025","107,989.6","109,600.8","109,723.7","107,268.2","40.92K","-1.47%"
"07/03/2025","109,600.5","108,846.7","110,506.8","108,550.8","45.39K","0.70%"
"07/02/2025","108,843.7","105,694.0","109,727.8","105,163.5","62.51K","2.98%"
"07/01/2025","105,694.3","107,176.4","107,532.3","105,289.4","40.28K","-1.38%"
"06/30/2025","107,171.1","108,362.3","108,777.0","106,743.1","37.46K","-1.10%"
"06/29/2025","108,361.1","107,304.3","108,470.5","107,188.4","25.96K","0.98%"
"06/28/2025","107,304.4","107,048.2","107,542.3","106,822.0","14.26K","0.24%"
"06/27/2025","107,044.2","106,948.0","107,726.5","106,414.1","46.24K","0.09%"
"06/26/2025","106,945.9","107,350.6","108,261.2","106,650.0","38.70K","-0.38%"
"06/25/2025","107,349.4","106,086.0","108,128.0","105,828.2","58.14K","1.20%"
"06/24/2025","106,078.6","105,376.9","106,268.7","104,642.9","52.81K","0.67%"
"06/23/2025","105,376.9","100,782.5","106,032.7","99,696.9","83.16K","4.34%"
"06/22/2025","100,990.4","102,114.5","103,300.4","98,249.2","81.37K","-1.10%"
"06/21/2025","102,113.2","103,287.2","103,989.3","100,947.8","37.52K","-1.13%"
"06/20/2025","103,280.5","104,669.6","106,520.3","102,396.8","51.48K","-1.33%"
"06/19/2025","104,669.6","104,894.2","105,220.5","103,934.5","28.47K","-0.21%"
"06/18/2025","104,894.2","104,571.4","105,553.0","103,622.4","45.60K","0.32%"
"06/17/2025","104,559.8","106,769.8","107,747.4","103,386.3","60.73K","-2.04%"
"06/16/2025","106,740.4","105,594.0","108,899.3","104,993.8","50.95K","1.09%"
"06/15/2025","105,591.8","105,421.6","106,098.9","104,502.0","26.22K","0.16%"
"06/14/2025","105,421.5","106,028.5","106,196.9","104,321.0","30.99K","-0.62%"
"06/13/2025","106,080.3","105,702.7","106,147.0","102,739.6","73.84K","0.36%"
"06/12/2025","105,703.0","108,662.2","108,776.2","105,703.0","59.87K","-2.72%"
"06/11/2025","108,661.2","110,269.2","110,386.1","108,081.9","44.80K","-1.46%"
"06/10/2025","110,269.2","110,268.3","110,369.2","108,380.6","58.28K","0.00%"
"06/09/2025","110,268.3","105,739.6","110,404.9","105,333.3","64.28K","4.28%"
"06/08/2025","105,739.6","105,564.2","106,449.3","105,011.6","29.11K","0.17%"
"06/07/2025","105,564.2","104,308.3","105,911.7","103,911.0","32.39K","1.20%"
"06/06/2025","104,308.3","101,524.1","105,306.5","101,127.6","61.97K","2.74%"
"06/05/2025","101,521.9","104,690.6","105,914.4","100,421.1","73.53K","-3.03%"
"06/04/2025","104,695.6","105,383.5","105,971.2","104,224.0","50.06K","-0.66%"
"06/03/2025","105,388.3","105,845.6","106,758.4","104,886.9","49.47K","-0.43%"
"06/02/2025","105,845.6","105,635.2","105,930.7","103,729.7","46.44K","0.20%"
"06/01/2025","105,635.2","104,598.0","105,867.5","103,768.6","33.03K","0.99%"
"05/31/2025","104,598.0","103,981.9","104,888.4","103,091.3","35.80K","0.59%"
"05/30/2025","103,981.3","105,598.8","106,314.9","103,693.9","71.98K","-1.53%"
"05/29/2025","105,600.0","107,759.1","108,896.7","105,399.9","70.02K","-2.03%"
"05/28/2025","107,786.7","108,905.7","109,238.3","106,804.9","51.84K","-1.06%"
"05/27/2025","108,944.0","109,455.3","110,718.7","107,572.2","65.02K","-0.47%"
"05/26/2025","109,455.3","109,014.9","110,401.4","108,694.0","48.01K","0.40%"
"05/25/2025","109,021.1","107,763.0","109,203.4","106,648.3","52.49K","1.17%"
"05/24/2025","107,763.0","107,313.5","109,476.4","106,904.5","52.26K","0.42%"
"05/23/2025","107,313.4","111,702.6","111,778.7","106,855.4","87.57K","-3.93%"
"05/22/2025","111,702.7","109,632.6","111,953.6","109,281.8","96.35K","1.88%"
"05/21/2025","109,640.1","106,814.7","110,628.8","106,109.5","124.17K","2.64%"
"05/20/2025","106,815.8","105,586.1","107,270.5","104,199.3","76.08K","1.16%"
"05/19/2025","105,585.8","106,507.7","107,081.3","102,088.2","90.49K","-0.86%"
"05/18/2025","106,504.5","103,113.9","106,577.0","103,113.9","62.47K","3.29%"
"05/17/2025","103,112.6","103,473.9","103,712.3","102,626.5","37.43K","-0.36%"
"05/16/2025","103,480.5","103,764.6","104,544.1","103,126.5","53.27K","-0.27%"
"05/15/2025","103,765.4","103,513.2","104,153.8","101,436.8","59.68K","0.24%"
"05/14/2025","103,513.9","104,116.3","104,316.0","102,632.9","55.58K","-0.58%"
"05/13/2025","104,119.2","102,794.9","104,972.9","101,510.2","71.91K","1.29%"
"05/12/2025","102,795.0","104,119.2","105,765.2","100,766.8","90.21K","-1.27%"
"05/11/2025","104,119.2","104,748.3","104,930.9","103,358.8","54.76K","-0.65%"
"05/10/2025","104,798.0","102,974.7","104,969.8","102,837.2","48.42K","1.77%"
"05/09/2025","102,975.1","103,270.7","104,308.7","102,365.7","87.34K","-0.29%"
"05/08/2025","103,274.3","97,035.1","103,885.4","96,901.9","110.60K","6.43%"
"05/07/2025","97,035.1","96,817.9","97,647.5","95,798.4","59.98K","0.22%"
"05/06/2025","96,825.4","94,745.9","96,893.9","93,408.8","55.76K","2.20%"
"05/05/2025","94,745.2","94,314.6","95,206.8","93,590.8","59.21K","0.45%"
"05/04/2025","94,316.9","95,885.5","96,297.8","94,206.1","41.31K","-1.64%"
"05/03/2025","95,885.8","96,894.3","96,922.2","95,785.5","36.24K","-1.04%"
"05/02/2025","96,894.4","96,497.3","97,881.8","96,359.3","51.94K","0.41%"
"05/01/2025","96,499.3","94,181.3","97,394.3","94,168.1","74.56K","2.46%"
"04/30/2025","94,184.4","94,265.0","95,223.4","93,049.6","57.10K","-0.09%"
"04/29/2025","94,269.8","94,995.4","95,453.4","93,758.0","59.86K","-0.76%"
"04/28/2025","94,995.0","93,742.5","95,580.3","92,818.9","73.63K","1.34%"
"04/27/2025","93,742.5","94,631.4","95,324.4","93,640.7","36.66K","-0.94%"
"04/26/2025","94,631.4","94,669.3","95,207.0","93,891.8","33.77K","-0.05%"
"04/25/2025","94,676.9","93,979.4","95,718.6","92,867.2","92.04K","0.74%"
"04/24/2025","93,980.3","93,696.3","94,001.0","91,673.0","66.68K","0.30%"
"04/23/2025","93,697.7","93,442.2","94,462.6","91,963.4","90.35K","0.27%"
"04/22/2025","93,441.9","87,516.0","93,816.9","87,105.2","130.17K","6.77%"
"04/21/2025","87,516.0","85,179.0","88,449.6","85,148.8","98.50K","2.74%"
"04/20/2025","85,179.0","85,075.5","85,321.0","83,976.1","32.08K","0.13%"
"04/19/2025","85,068.1","84,472.4","85,604.3","84,366.5","32.07K","0.70%"
"04/18/2025","84,474.6","84,947.7","85,106.1","84,331.0","25.83K","-0.55%"
"04/17/2025","84,940.0","84,032.2","85,467.3","83,786.2","49.28K","1.08%"
"04/16/2025","84,032.2","83,648.1","85,438.2","83,143.5","63.97K","0.46%"
"04/15/2025","83,647.0","84,586.8","86,438.8","83,602.7","62.45K","-1.11%"
"04/14/2025","84,586.4","83,752.8","85,794.9","83,705.2","78.03K","1.02%"
"04/13/2025","83,734.4","85,282.5","85,999.5","83,049.6","70.93K","-1.83%"
"04/12/2025","85,292.7","83,420.5","85,893.5","82,828.0","55.60K","2.25%"
"04/11/2025","83,413.1","79,606.1","84,275.0","79,004.2","94.62K","4.78%"
"04/10/2025","79,607.5","82,606.8","82,737.5","78,495.8","92.83K","-3.63%"
"04/09/2025","82,607.0","76,312.3","83,566.7","74,657.3","172.18K","8.25%"
"04/08/2025","76,312.5","79,166.7","80,839.8","76,255.0","93.88K","-3.60%"
"04/07/2025","79,162.5","78,406.6","81,095.9","74,524.2","170.57K","0.98%"
"04/06/2025","78,391.3","83,528.0","83,731.7","77,171.1","79.17K","-6.18%"
"04/05/2025","83,552.1","83,876.0","84,249.3","82,384.4","32.71K","-0.38%"
"04/04/2025","83,866.7","83,160.2","84,704.1","81,691.1","91.54K","0.85%"
"04/03/2025","83,159.4","82,522.6","83,908.9","81,313.8","83.15K","0.77%"
"04/02/2025","82,525.0","85,166.0","88,377.3","82,358.9","104.05K","-3.10%"
"04/01/2025","85,164.2","82,548.6","85,506.2","82,435.8","66.72K","3.17%"
"03/31/2025","82,548.8","82,375.4","83,895.6","81,300.1","61.76K","0.22%"
"03/30/2025","82,371.6","82,646.8","83,532.9","81,593.2","35.37K","-0.33%"
"03/29/2025","82,645.7","84,412.1","84,603.4","81,668.2","39.34K","-2.09%"
"03/28/2025","84,410.4","87,209.5","87,507.5","83,596.7","85.25K","-3.23%"
"03/27/2025","87,228.2","86,937.0","87,751.4","85,844.4","56.49K","0.36%"
"03/26/2025","86,912.0","87,349.8","88,276.7","85,866.4","62.04K","-0.56%"
"03/25/2025","87,404.0","87,495.3","88,523.3","86,328.5","75.24K","-0.10%"
"03/24/2025","87,490.0","86,076.1","88,740.2","85,541.6","95.71K","1.64%"
"03/23/2025","86,077.4","83,840.2","86,082.0","83,812.7","31.13K","2.67%"
"03/22/2025","83,840.5","84,076.6","84,526.3","83,688.2","20.84K","-0.28%"
"03/21/2025","84,073.3","84,208.7","84,831.0","83,215.9","42.80K","-0.16%"
"03/20/2025","84,208.1","86,841.3","87,419.0","83,656.1","69.86K","-3.03%"
"03/19/2025","86,841.0","82,719.1","86,990.6","82,557.5","84.61K","4.98%"
"03/18/2025","82,719.1","84,019.1","84,019.1","81,171.3","58.17K","-1.55%"
"03/17/2025","84,019.1","82,580.3","84,729.2","82,525.0","58.04K","1.74%"
"03/16/2025","82,578.4","84,341.3","84,942.5","82,014.2","50.04K","-2.09%"
"03/15/2025","84,341.3","83,978.7","84,679.5","83,636.4","38.40K","0.43%"
"03/14/2025","83,977.1","81,103.5","85,286.6","80,833.2","81.23K","3.55%"
"03/13/2025","81,100.2","83,664.7","84,292.0","79,954.9","79.25K","-3.06%"
"03/12/2025","83,664.3","82,921.1","84,266.5","80,646.6","88.61K","0.90%"
"03/11/2025","82,921.1","78,579.7","83,572.6","76,677.1","123.59K","5.53%"
"03/10/2025","78,575.9","80,702.2","83,902.8","77,480.5","120.23K","-2.62%"
"03/09/2025","80,691.6","86,221.5","86,498.6","80,048.9","69.90K","-6.41%"
"03/08/2025","86,221.9","86,783.8","86,886.8","85,264.6","41.90K","-0.36%"
"03/07/2025","86,531.2","89,879.5","91,059.8","84,864.3","138.11K","-3.78%"
"03/06/2025","89,930.9","90,611.7","92,802.0","87,849.6","89.27K","-0.75%"
"03/05/2025","90,611.7","87,269.5","90,937.8","86,429.4","95.54K","3.83%"
"03/04/2025","87,266.3","86,083.8","88,887.8","81,617.0","132.50K","1.23%"
"03/03/2025","86,209.7","94,266.1","94,266.1","85,140.8","143.15K","-8.55%"
"03/02/2025","94,265.1","86,065.7","94,986.5","85,069.3","126.76K","9.52%"
"03/01/2025","86,071.6","84,353.4","86,546.3","83,837.3","79.51K","2.00%"
"02/28/2025","84,381.2","84,713.3","85,028.7","78,329.8","186.90K","-0.39%"
"02/27/2025","84,714.6","84,204.6","87,013.9","82,723.5","116.14K","0.60%"
"02/26/2025","84,212.7","88,675.0","89,375.3","82,332.9","145.33K","-5.04%"
"02/25/2025","88,686.0","91,510.4","92,523.1","86,097.5","195.29K","-3.08%"
"02/24/2025","91,508.5","96,261.0","96,497.9","91,378.5","96.46K","-4.93%"
"02/23/2025","96,258.8","96,556.2","96,655.2","95,259.5","38.82K","-0.31%"
"02/22/2025","96,556.1","96,158.3","96,930.8","95,801.1","45.62K","0.42%"
"02/21/2025","96,155.6","98,310.3","99,473.4","94,903.6","104.28K","-2.19%"
"02/20/2025","98,310.3","96,645.2","98,721.6","96,441.9","61.84K","1.72%"
"02/19/2025","96,644.8","95,663.7","96,829.6","95,049.1","58.27K","1.05%"
"02/18/2025","95,638.0","95,781.5","96,645.1","93,403.4","74.09K","-0.15%"
"02/17/2025","95,781.3","96,120.2","97,002.3","95,222.0","58.40K","-0.36%"
"02/16/2025","96,132.1","97,573.1","97,706.5","96,060.2","33.35K","-1.48%"
"02/15/2025","97,573.4","97,504.4","97,973.2","97,210.8","29.65K","0.07%"
"02/14/2025","97,504.6","96,611.6","98,817.3","96,316.5","65.37K","0.93%"
"02/13/2025","96,610.2","97,874.7","98,079.6","95,295.4","66.76K","-1.30%"
"02/12/2025","97,881.3","95,777.2","98,095.8","94,110.7","87.21K","2.20%"
"02/11/2025","95,771.7","97,434.7","98,476.5","94,902.7","69.89K","-1.71%"
"02/10/2025","97,434.7","96,469.2","98,311.6","95,307.7","71.43K","1.00%"
"02/09/2025","96,469.2","96,448.4","97,297.8","94,750.4","48.38K","0.02%"
"02/08/2025","96,447.9","96,513.5","96,862.8","95,716.1","38.99K","-0.07%"
"02/07/2025","96,513.5","96,564.8","100,133.9","95,693.7","97.60K","-0.06%"
"02/06/2025","96,568.8","96,606.3","99,119.2","95,706.6","76.92K","-0.03%"
"02/05/2025","96,595.3","97,784.8","99,028.3","96,163.8","82.92K","-1.23%"
"02/04/2025","97,793.4","101,339.7","101,692.9","96,190.5","117.35K","-3.50%"
"02/03/2025","101,337.1","97,686.0","102,372.2","91,695.8","190.81K","3.74%"
"02/02/2025","97,684.9","100,647.1","101,451.0","96,250.2","99.36K","-2.94%"
"02/01/2025","100,648.0","102,421.3","102,770.8","100,293.5","47.48K","-1.73%"
"01/31/2025","102,424.2","104,726.9","105,876.3","101,576.0","82.79K","-2.20%"
"01/30/2025","104,726.9","103,723.0","106,409.1","103,388.4","74.84K","0.97%"
"01/29/2025","103,722.0","101,342.1","104,760.0","101,340.6","74.38K","2.34%"
"01/28/2025","101,349.3","102,085.2","103,584.1","100,288.0","74.69K","-0.73%"
"01/27/2025","102,091.7","102,618.3","103,234.8","97,987.5","146.38K","-0.53%"
"01/26/2025","102,637.8","104,743.8","105,399.8","102,543.8","32.18K","-2.01%"
"01/25/2025","104,742.9","104,861.4","105,255.6","104,133.9","37.68K","-0.11%"
"01/24/2025","104,862.3","103,913.6","107,102.2","102,760.0","83.96K","0.91%"
"01/23/2025","103,912.1","103,681.3","106,806.5","101,281.6","141.80K","0.22%"
"01/22/2025","103,684.8","106,157.2","106,266.2","103,354.4","77.56K","-2.33%"
"01/21/2025","106,157.2","102,190.2","107,211.9","100,192.5","129.36K","3.87%"
"01/20/2025","102,197.7","101,313.3","109,228.6","99,676.0","202.66K","0.87%"
"01/19/2025","101,319.5","104,536.8","106,338.2","99,742.7","123.72K","-3.08%"
"01/18/2025","104,536.9","104,084.7","104,953.1","102,297.0","79.30K","0.43%"
"01/17/2025","104,084.9","99,991.9","105,843.8","99,956.2","127.33K","4.08%"
"01/16/2025","100,004.5","100,499.9","100,812.4","97,400.2","87.08K","-0.49%"
"01/15/2025","100,499.8","96,547.4","100,671.0","96,501.9","95.32K","4.10%"
"01/14/2025","96,542.1","94,536.7","97,361.2","94,359.5","87.79K","2.12%"
"01/13/2025","94,536.1","94,545.0","95,928.1","89,423.1","37.70K","-0.01%"
"01/12/2025","94,541.8","94,600.0","95,384.3","93,711.2","17.60K","-0.07%"
"01/11/2025","94,612.0","94,724.0","94,765.5","93,847.8","72.66K","-0.12%"
"01/10/2025","94,724.1","92,540.5","95,760.6","92,310.6","125.42K","2.36%"
"01/09/2025","92,539.8","95,066.6","95,323.1","91,241.9","132.78K","-2.66%"
"01/08/2025","95,066.6","96,938.2","97,266.4","92,716.6","100.36K","-1.92%"
"01/07/2025","96,929.8","102,247.9","102,678.2","96,201.3","99.77K","-5.20%"
"01/06/2025","102,248.7","98,373.2","102,474.5","97,932.3","86.73K","3.97%"
"01/05/2025","98,347.7","98,220.1","98,823.1","97,300.0","31.34K","0.13%"
"01/04/2025","98,219.9","98,168.9","98,742.6","97,568.9","36.56K","0.05%"
"01/03/2025","98,167.5","96,960.2","98,963.3","96,090.6","61.62K","1.25%"
"01/02/2025","96,960.0","94,561.1","97,808.0","94,381.2","76.13K","2.54%"
"01/01/2025","94,560.2","93,557.3","95,100.0","92,939.3","43.34K","1.07%"
"12/31/2024","93,557.2","92,777.2","96,163.4","92,036.2","74.85K","0.84%"
"12/30/2024","92,779.8","93,718.7","94,936.4","91,522.3","112.43K","-1.00%"
"12/29/2024","93,716.3","95,282.6","95,315.4","93,026.7","47.71K","-1.65%"
"12/28/2024","95,284.5","94,274.9","95,684.3","94,124.7","32.97K","1.07%"
"12/27/2024","94,275.9","95,776.4","97,243.3","93,472.8","85.12K","-1.57%"
"12/26/2024","95,777.7","99,389.4","99,922.5","95,193.3","74.60K","-3.64%"
"12/25/2024","99,391.3","98,661.9","99,514.1","97,651.9","39.80K","0.73%"
"12/24/2024","98,668.1","94,852.8","99,446.6","93,566.2","69.86K","4.02%"
"12/23/2024","94,852.1","95,184.8","96,517.8","92,543.2","133.24K","-0.35%"
"12/22/2024","95,183.8","97,281.6","97,422.2","94,265.2","100.64K","-2.13%"
"12/21/2024","97,253.3","97,799.1","99,531.9","96,478.6","123.36K","-0.55%"
"12/20/2024","97,795.7","97,468.3","98,178.2","92,301.9","221.18K","0.34%"
"12/19/2024","97,466.1","100,190.5","102,778.8","95,672.2","200.57K","-2.73%"
"12/18/2024","100,197.8","106,140.7","106,477.6","100,049.3","187.49K","-5.60%"
"12/17/2024","106,138.9","106,053.4","108,244.9","105,350.6","149.37K","0.08%"
"12/16/2024","106,057.6","104,479.2","107,767.6","103,351.7","232.66K","1.55%"
"12/15/2024","104,443.0","101,417.9","105,120.9","101,234.9","133.99K","2.98%"
"12/14/2024","101,417.7","101,423.7","102,633.0","100,626.3","105.31K","-0.01%"
"12/13/2024","101,426.2","100,008.3","101,891.2","99,214.2","162.40K","1.42%"
"12/12/2024","100,009.9","101,126.3","102,495.3","99,334.5","188.96K","-1.10%"
"12/11/2024","101,126.2","96,603.2","101,877.1","95,689.5","250.02K","4.69%"
"12/10/2024","96,600.3","97,311.5","98,237.8","94,304.5","271.45K","-0.78%"
"12/09/2024","97,359.4","101,129.7","101,198.6","94,395.8","321.01K","-3.72%"
"12/08/2024","101,115.8","99,837.0","101,339.9","98,713.9","128.93K","1.28%"
"12/07/2024","99,837.0","99,757.2","100,441.8","98,969.0","118.44K","0.08%"
"12/06/2024","99,760.7","96,968.9","101,908.5","96,452.0","213.49K","2.88%"
"12/05/2024","96,970.8","98,624.8","103,719.4","92,510.4","245.79K","-1.69%"
"12/04/2024","98,635.8","95,900.1","99,030.7","94,625.3","113.77K","2.85%"
"12/03/2024","95,898.7","95,843.9","96,245.0","93,646.1","95.08K","0.05%"
"12/02/2024","95,846.6","97,199.3","98,082.0","94,510.6","95.80K","-1.39%"
"12/01/2024","97,201.4","96,404.7","97,813.9","95,721.8","42.90K","0.83%"
"11/30/2024","96,405.7","97,438.5","97,461.9","96,119.6","36.92K","-1.06%"
"11/29/2024","97,438.0","95,645.6","98,599.8","95,405.7","76.54K","1.87%"
"11/28/2024","95,645.5","95,881.4","96,549.0","94,648.8","68.17K","-0.25%"
"11/27/2024","95,886.6","91,975.5","97,219.8","91,795.5","106.39K","4.25%"
"11/26/2024","91,977.6","93,046.5","94,978.8","90,817.2","131.88K","-1.17%"
"11/25/2024","93,064.4","97,948.8","98,872.4","92,875.3","124.98K","-4.97%"
"11/24/2024","97,935.2","97,696.4","98,552.6","95,765.4","77.04K","0.24%"
"11/23/2024","97,699.0","98,927.2","98,927.2","97,180.9","72.17K","-1.24%"
"11/22/2024","98,929.7","98,381.2","99,617.4","97,182.2","132.23K","0.56%"
"11/21/2024","98,374.5","94,308.7","98,937.2","94,063.8","179.07K","4.32%"
"11/20/2024","94,303.9","92,252.6","94,836.1","91,517.4","121.46K","2.24%"
"11/19/2024","92,239.2","90,482.1","93,918.5","90,378.7","146.04K","1.95%"
"11/18/2024","90,478.7","89,843.3","92,567.1","89,410.4","150.47K","0.72%"
"11/17/2024","89,833.7","90,569.4","91,441.6","88,736.1","81.24K","-0.78%"
"11/16/2024","90,539.1","91,035.3","91,748.9","90,079.0","79.82K","-0.56%"
"11/15/2024","91,046.5","87,297.2","91,833.1","87,118.8","158.19K","4.30%"
"11/14/2024","87,294.0","90,424.8","91,726.7","86,740.2","153.34K","-3.46%"
"11/13/2024","90,422.2","87,971.2","93,226.6","86,168.4","257.57K","2.82%"
"11/12/2024","87,941.3","88,665.0","89,929.6","85,122.2","288.68K","-0.82%"
"11/11/2024","88,664.1","80,389.0","89,519.0","80,231.8","254.04K","10.29%"
"11/10/2024","80,388.5","76,681.4","81,373.5","76,520.5","193.83K","4.81%"
"11/09/2024","76,700.3","76,506.1","76,904.0","75,732.5","72.97K","0.24%"
"11/08/2024","76,517.3","75,869.8","77,188.5","75,599.0","155.17K","0.85%"
"11/07/2024","75,868.6","75,585.5","76,837.8","74,448.2","184.16K","0.37%"
"11/06/2024","75,586.3","69,374.1","76,401.4","69,323.0","357.28K","8.96%"
"11/05/2024","69,373.7","67,848.3","70,495.6","67,473.6","108.95K","2.25%"
"11/04/2024","67,848.8","68,770.3","69,483.4","66,834.0","101.31K","-1.34%"
"11/03/2024","68,769.6","69,334.8","69,383.6","67,514.2","83.16K","-0.80%"
"11/02/2024","69,325.8","69,499.3","69,896.9","69,029.0","38.72K","-0.26%"
"11/01/2024","69,507.2","70,278.7","71,598.4","68,846.0","130.46K","-1.10%"
"10/31/2024","70,281.8","72,343.7","72,685.7","69,674.5","111.29K","-2.86%"
"10/30/2024","72,347.8","72,732.5","72,907.4","71,460.0","99.05K","-0.53%"
"10/29/2024","72,730.4","69,957.2","73,569.4","69,753.2","168.60K","3.97%"
"10/28/2024","69,954.1","68,011.9","70,203.4","67,610.0","103.97K","2.87%"
"10/27/2024","68,004.6","67,084.7","68,308.0","66,924.6","33.58K","1.37%"
"10/26/2024","67,086.8","66,694.5","67,408.4","66,443.8","42.05K","0.58%"
"10/25/2024","66,696.8","68,191.9","68,756.8","65,644.2","110.51K","-2.19%"
"10/24/2024","68,191.5","66,659.2","68,831.8","66,510.6","82.78K","2.29%"
"10/23/2024","66,663.7","67,428.6","67,441.1","65,246.7","84.99K","-1.13%"
"10/22/2024","67,427.3","67,370.8","67,815.3","66,609.4","86.76K","0.08%"
"10/21/2024","67,371.3","69,030.5","69,490.8","66,845.5","109.28K","-2.40%"
"10/20/2024","69,030.5","68,373.3","69,386.4","67,443.9","44.92K","0.96%"
"10/19/2024","68,372.0","68,426.4","68,688.8","68,025.5","33.29K","-0.07%"
"10/18/2024","68,423.1","67,416.5","68,990.3","67,190.9","99.20K","1.49%"
"10/17/2024","67,418.4","67,618.1","67,933.5","66,677.3","84.68K","-0.30%"
"10/16/2024","67,617.9","67,075.1","68,389.4","66,766.6","98.30K","0.81%"
"10/15/2024","67,077.5","66,084.1","67,821.9","64,850.6","136.72K","1.51%"
"10/14/2024","66,081.7","62,870.7","66,476.6","62,463.7","122.09K","5.11%"
"10/13/2024","62,870.9","63,205.4","63,284.6","62,054.2","42.26K","-0.53%"
"10/12/2024","63,205.1","62,506.6","63,463.1","62,486.1","40.91K","1.13%"
"10/11/2024","62,499.4","60,317.5","63,385.1","60,080.6","86.38K","3.62%"
"10/10/2024","60,316.2","60,628.9","61,304.6","59,075.7","83.86K","-0.52%"
"10/09/2024","60,628.8","62,157.0","62,537.0","60,355.5","68.79K","-2.46%"
"10/08/2024","62,157.0","62,226.9","63,196.6","61,883.2","63.75K","-0.14%"
"10/07/2024","62,245.6","62,819.8","64,449.3","62,175.8","86.27K","-0.91%"
"10/06/2024","62,819.4","62,062.0","62,934.5","61,495.4","31.72K","1.22%"
"10/05/2024","62,061.4","62,085.5","62,366.8","61,705.7","30.15K","-0.03%"
"10/04/2024","62,081.0","60,751.4","62,471.7","60,469.3","72.71K","2.19%"
"10/03/2024","60,751.2","60,642.0","61,468.9","59,904.4","82.43K","0.17%"
"10/02/2024","60,645.7","60,834.2","62,339.8","60,002.7","98.94K","-0.31%"
"10/01/2024","60,835.5","63,329.9","64,125.3","60,195.9","134.93K","-3.95%"
"09/30/2024","63,339.2","65,607.0","65,607.0","62,901.1","101.70K","-3.46%"
"09/29/2024","65,607.1","65,862.8","66,065.7","65,436.8","32.60K","-0.39%"
"09/28/2024","65,866.5","65,775.6","66,232.5","65,438.1","35.00K","0.14%"
"09/27/2024","65,776.3","65,168.8","66,440.7","64,839.2","80.55K","0.92%"
"09/26/2024","65,175.7","63,157.2","65,770.9","62,693.3","96.06K","3.20%"
"09/25/2024","63,156.5","64,262.9","64,788.4","62,952.8","62.72K","-1.71%"
"09/24/2024","64,256.8","63,335.9","64,664.1","62,740.8","76.71K","1.46%"
"09/23/2024","63,331.8","63,575.4","64,723.4","62,650.0","75.66K","-0.38%"
"09/22/2024","63,572.7","63,351.2","63,998.2","62,394.6","48.86K","0.35%"
"09/21/2024","63,348.1","63,201.2","63,526.3","62,778.6","33.20K","0.23%"
"09/20/2024","63,201.2","62,942.4","64,085.1","62,367.1","90.65K","0.42%"
"09/19/2024","62,938.6","61,754.8","63,849.6","61,596.5","120.17K","1.91%"
"09/18/2024","61,757.6","60,308.5","61,757.6","59,210.7","105.57K","2.40%"
"09/17/2024","60,309.1","58,213.1","61,309.0","57,630.2","106.30K","3.60%"
"09/16/2024","58,213.1","59,126.2","59,204.3","57,527.8","87.60K","-1.56%"
"09/15/2024","59,138.5","59,995.6","60,377.6","58,717.9","47.01K","-1.43%"
"09/14/2024","59,995.4","60,514.8","60,609.4","59,494.3","44.47K","-0.85%"
"09/13/2024","60,511.6","58,134.4","60,625.4","57,656.8","102.12K","4.09%"
"09/12/2024","58,134.5","57,335.5","58,484.1","57,329.6","98.42K","1.39%"
"09/11/2024","57,338.7","57,638.0","57,975.9","55,576.6","102.15K","-0.51%"
"09/10/2024","57,635.0","57,045.6","58,019.9","56,415.3","77.65K","1.03%"
"09/09/2024","57,049.6","54,868.0","57,956.7","54,595.4","105.33K","3.99%"
"09/08/2024","54,861.3","54,161.4","55,292.7","53,642.4","51.99K","1.30%"
"09/07/2024","54,156.5","53,965.0","54,819.2","53,754.3","58.11K","0.35%"
"09/06/2024","53,966.8","56,179.7","56,969.1","52,644.6","155.84K","-3.94%"
"09/05/2024","56,183.2","57,970.7","58,318.9","55,744.6","90.36K","-3.09%"
"09/04/2024","57,973.4","57,490.4","58,508.8","55,732.1","108.44K","0.86%"
"09/03/2024","57,479.8","59,133.7","59,799.7","57,436.9","74.77K","-2.80%"
"09/02/2024","59,134.0","57,309.0","59,416.6","57,185.8","73.18K","3.17%"
"09/01/2024","57,315.7","58,975.7","59,058.7","57,232.4","63.95K","-2.82%"
"08/31/2024","58,978.6","59,120.4","59,447.0","58,761.1","30.86K","-0.24%"
"08/30/2024","59,119.7","59,371.7","59,817.6","57,874.7","87.31K","-0.43%"
"08/29/2024","59,373.5","59,027.3","61,150.6","58,807.1","87.19K","0.61%"
"08/28/2024","59,016.0","59,425.6","60,198.4","57,912.1","109.47K","-0.73%"
"08/27/2024","59,450.9","62,832.2","63,201.4","58,187.3","108.53K","-5.40%"
"08/26/2024","62,846.2","64,240.7","64,472.5","62,841.1","68.89K","-2.22%"
"08/25/2024","64,273.2","64,160.7","64,939.2","63,796.6","41.61K","0.18%"
"08/24/2024","64,159.3","64,061.7","64,458.9","63,579.5","54.14K","0.17%"
"08/23/2024","64,053.1","60,374.7","64,830.1","60,354.4","125.50K","6.10%"
"08/22/2024","60,372.2","61,158.3","61,399.7","59,815.8","74.39K","-1.29%"
"08/21/2024","61,158.1","59,010.0","61,812.0","58,831.1","91.31K","3.65%"
"08/20/2024","59,005.8","59,470.3","61,331.6","58,612.0","69.77K","-0.78%"
"08/19/2024","59,470.9","58,445.8","59,598.5","57,872.0","49.19K","1.75%"
"08/18/2024","58,446.3","59,485.4","60,216.3","58,436.1","30.82K","-1.74%"
"08/17/2024","59,483.1","58,877.8","59,659.5","58,825.5","18.51K","1.03%"
"08/16/2024","58,877.2","57,545.1","59,817.3","57,129.1","64.01K","2.33%"
"08/15/2024","57,534.6","58,710.1","59,831.4","56,275.7","81.47K","-2.00%"
"08/14/2024","58,707.8","60,594.6","61,543.0","58,491.2","64.79K","-3.11%"
"08/13/2024","60,595.2","59,350.2","61,537.0","58,492.4","62.92K","2.10%"
"08/12/2024","59,350.0","58,711.7","60,606.2","57,689.0","79.31K","1.08%"
"08/11/2024","58,713.3","60,929.8","61,677.3","58,388.7","41.06K","-3.64%"
"08/10/2024","60,931.7","60,844.5","61,344.5","60,264.2","22.91K","0.13%"
"08/09/2024","60,850.6","61,697.8","61,712.3","59,570.2","69.55K","-1.38%"
"08/08/2024","61,699.7","55,112.8","62,563.5","54,786.9","109.77K","11.94%"
"08/07/2024","55,120.9","56,049.9","57,669.6","54,598.5","94.52K","-1.67%"
"08/06/2024","56,057.8","54,010.8","57,025.6","53,998.2","113.89K","3.85%"
"08/05/2024","53,979.0","58,142.9","58,291.4","49,486.9","333.46K","-7.16%"
"08/04/2024","58,141.8","60,700.2","61,086.5","57,346.9","72.71K","-4.21%"
"08/03/2024","60,696.7","61,480.8","62,184.2","59,914.6","65.74K","-1.27%"
"08/02/2024","61,478.7","65,351.8","65,567.1","61,242.3","93.89K","-5.96%"
"08/01/2024","65,372.9","64,625.7","65,587.9","62,303.9","84.20K","1.16%"
"07/31/2024","64,626.0","66,185.4","66,825.6","64,538.3","51.52K","-2.36%"
"07/30/2024","66,184.9","66,796.1","66,998.3","65,328.7","54.43K","-0.92%"
"07/29/2024","66,798.7","68,256.3","70,000.2","66,544.5","85.67K","-2.14%"
"07/28/2024","68,256.3","67,888.9","68,291.9","67,067.8","26.17K","0.61%"
"07/27/2024","67,843.1","67,910.8","69,387.6","66,776.8","67.99K","-0.10%"
"07/26/2024","67,908.6","65,799.7","68,205.0","65,764.3","59.13K","3.21%"
"07/25/2024","65,799.3","65,363.9","66,088.6","63,500.9","77.46K","0.66%"
"07/24/2024","65,370.5","65,936.8","67,072.1","65,155.2","52.47K","-0.86%"
"07/23/2024","65,937.8","67,550.4","67,750.2","65,512.9","69.58K","-2.39%"
"07/22/2024","67,553.6","68,158.4","68,468.9","66,601.8","54.88K","-0.89%"
"07/21/2024","68,158.7","67,147.8","68,352.9","65,825.6","47.19K","1.50%"
"07/20/2024","67,148.5","66,677.0","67,586.4","66,257.4","32.94K","0.71%"
"07/19/2024","66,677.4","63,981.2","67,390.4","63,326.1","82.87K","4.22%"
"07/18/2024","63,980.5","64,090.4","65,102.0","63,253.5","51.27K","-0.17%"
"07/17/2024","64,089.2","65,052.8","66,051.5","63,897.5","66.11K","-1.48%"
"07/16/2024","65,049.7","64,749.2","65,319.5","62,430.8","93.63K","0.41%"
"07/15/2024","64,782.4","60,794.7","64,869.5","60,678.8","96.02K","6.56%"
"07/14/2024","60,794.9","59,207.9","61,326.9","59,207.9","47.48K","2.68%"
"07/13/2024","59,209.8","57,897.4","59,826.5","57,770.6","34.28K","2.29%"
"07/12/2024","57,885.1","57,338.3","58,520.9","56,575.7","56.84K","0.96%"
"07/11/2024","57,337.3","57,745.9","59,404.4","57,095.0","66.40K","-0.71%"
"07/10/2024","57,746.7","58,040.2","59,393.8","57,185.3","59.60K","-0.50%"
"07/09/2024","58,039.4","56,721.3","58,234.0","56,306.3","64.25K","2.32%"
"07/08/2024","56,724.7","55,850.2","58,115.8","54,320.0","102.91K","1.55%"
"07/07/2024","55,861.1","58,240.2","58,394.6","55,756.3","41.12K","-4.12%"
"07/06/2024","58,259.2","56,640.0","58,462.0","56,026.8","46.91K","2.86%"
"07/05/2024","56,641.8","57,025.7","57,471.1","53,883.4","175.51K","-0.67%"
"07/04/2024","57,026.3","60,201.4","60,463.0","56,812.7","116.38K","-5.27%"
"07/03/2024","60,199.3","62,104.9","62,263.6","59,466.6","73.34K","-3.07%"
"07/02/2024","62,103.3","62,888.3","63,257.0","61,797.6","46.52K","-1.25%"
"07/01/2024","62,890.1","62,768.8","63,842.1","62,558.0","59.94K","0.22%"
"06/30/2024","62,754.3","60,973.1","63,006.6","60,703.7","37.21K","2.92%"
"06/29/2024","60,973.4","60,403.7","61,192.8","60,382.8","26.56K","0.94%"
"06/28/2024","60,403.3","61,684.6","62,175.4","60,081.9","58.95K","-2.08%"
"06/27/2024","61,685.3","60,848.3","62,351.2","60,629.4","48.79K","1.37%"
"06/26/2024","60,849.4","61,809.9","62,469.4","60,715.1","54.95K","-1.55%"
"06/25/2024","61,809.4","60,292.0","62,266.0","60,262.2","77.28K","2.52%"
"06/24/2024","60,292.7","63,201.6","63,357.1","58,589.9","120.60K","-4.59%"
"06/23/2024","63,196.2","64,261.0","64,518.9","63,195.3","19.94K","-1.66%"
"06/22/2024","64,261.0","64,131.9","64,523.9","63,944.0","17.55K","0.21%"
"06/21/2024","64,128.5","64,854.3","65,054.9","63,427.9","60.86K","-1.12%"
"06/20/2024","64,854.3","64,982.1","66,474.2","64,566.7","56.24K","-0.19%"
"06/19/2024","64,980.9","65,159.8","65,706.4","64,705.6","42.96K","-0.27%"
"06/18/2024","65,159.9","66,495.7","66,571.2","64,098.4","93.72K","-2.01%"
"06/17/2024","66,498.8","66,672.9","67,253.8","65,115.4","66.09K","-0.26%"
"06/16/2024","66,674.7","66,223.0","66,951.4","66,038.1","20.74K","0.68%"
"06/15/2024","66,223.0","66,034.1","66,446.4","65,895.1","24.05K","0.29%"
"06/14/2024","66,034.8","66,775.2","67,347.7","65,076.5","65.18K","-1.11%"
"06/13/2024","66,773.1","68,260.6","68,384.6","66,324.3","66.36K","-2.18%"
"06/12/2024","68,260.1","67,320.9","69,990.8","66,911.5","85.55K","1.40%"
"06/11/2024","67,319.8","69,537.9","69,573.3","66,197.8","96.70K","-3.19%"
"06/10/2024","69,538.2","69,650.2","70,152.5","69,259.9","39.12K","-0.16%"
"06/09/2024","69,650.6","69,310.5","69,847.8","69,136.7","20.99K","0.49%"
"06/08/2024","69,310.1","69,347.0","69,572.1","69,222.4","23.03K","-0.05%"
"06/07/2024","69,347.9","70,793.4","71,956.5","68,620.7","82.62K","-2.04%"
"06/06/2024","70,791.5","71,083.6","71,616.1","70,178.7","49.79K","-0.41%"
"06/05/2024","71,083.7","70,550.9","71,744.4","70,397.1","67.06K","0.76%"
"06/04/2024","70,549.2","68,808.0","71,034.2","68,564.3","75.69K","2.53%"
"06/03/2024","68,807.8","67,763.3","70,131.0","67,616.8","69.42K","1.53%"
"06/02/2024","67,773.5","67,760.8","68,447.5","67,330.6","30.63K","0.02%"
"06/01/2024","67,760.8","67,533.9","67,861.0","67,449.6","19.01K","0.34%"
"05/31/2024","67,530.1","68,352.3","69,018.2","66,676.8","61.51K","-1.21%"
"05/30/2024","68,354.7","67,631.3","69,504.7","67,138.4","66.84K","1.06%"
"05/29/2024","67,635.8","68,366.2","68,897.6","67,143.2","52.13K","-1.07%"
"05/28/2024","68,366.0","69,428.3","69,560.7","67,299.9","71.39K","-1.53%"
"05/27/2024","69,428.7","68,514.6","70,638.3","68,275.2","49.07K","1.33%"
"05/26/2024","68,514.8","69,287.2","69,494.0","68,294.5","24.58K","-1.11%"
"05/25/2024","69,284.4","68,548.2","69,558.8","68,516.1","25.17K","1.07%"
"05/24/2024","68,547.6","67,971.1","69,212.0","66,685.8","63.28K","0.84%"
"05/23/2024","67,975.7","69,166.3","70,041.0","66,578.1","89.45K","-1.71%"
"05/22/2024","69,155.4","70,141.0","70,593.4","69,024.3","65.08K","-1.40%"
"05/21/2024","70,139.9","71,430.5","71,872.0","69,181.7","108.56K","-1.80%"
"05/20/2024","71,422.7","66,278.3","71,482.8","66,076.5","112.66K","7.76%"
"05/19/2024","66,279.1","66,919.0","67,662.5","65,937.3","36.19K","-0.95%"
"05/18/2024","66,917.5","67,036.6","67,361.4","66,636.1","29.68K","-0.18%"
"05/17/2024","67,036.8","65,231.1","67,420.7","65,121.7","63.09K","2.77%"
"05/16/2024","65,231.0","66,219.6","66,643.9","64,623.3","72.55K","-1.50%"
"05/15/2024","66,225.1","61,569.4","66,417.1","61,357.5","106.05K","7.56%"
"05/14/2024","61,569.4","62,936.8","63,102.6","61,156.9","68.84K","-2.17%"
"05/13/2024","62,937.2","61,480.5","63,443.2","60,779.0","70.55K","2.37%"
"05/12/2024","61,480.0","60,826.6","61,847.7","60,647.1","27.40K","1.07%"
"05/11/2024","60,826.6","60,796.8","61,487.5","60,499.3","27.50K","0.05%"
"05/10/2024","60,796.9","63,074.3","63,454.3","60,251.8","79.33K","-3.61%"
"05/09/2024","63,075.0","61,207.3","63,413.3","60,671.4","64.22K","3.05%"
"05/08/2024","61,207.5","62,304.9","62,997.4","60,894.2","56.47K","-1.78%"
"05/07/2024","62,317.7","63,163.1","64,361.0","62,294.1","59.74K","-1.34%"
"05/06/2024","63,163.1","64,005.8","65,448.8","62,730.7","77.68K","-1.32%"
"05/05/2024","64,006.4","63,897.7","64,587.2","62,923.9","40.51K","0.18%"
"05/04/2024","63,888.3","62,887.1","64,466.0","62,599.1","53.03K","1.61%"
"05/03/2024","62,877.5","59,104.3","63,298.4","58,830.8","100.46K","6.35%"
"05/02/2024","59,121.3","58,334.9","59,548.0","56,989.8","98.06K","1.35%"
"05/01/2024","58,331.2","60,665.0","60,827.5","56,643.5","171.55K","-3.85%"
"04/30/2024","60,666.6","63,852.4","64,700.2","59,228.7","121.04K","-5.00%"
"04/29/2024","63,860.1","63,113.7","64,193.1","61,837.2","67.26K","1.19%"
"04/28/2024","63,109.7","63,457.9","64,346.1","62,827.8","36.65K","-0.55%"
"04/27/2024","63,456.8","63,765.8","63,916.7","62,507.7","45.34K","-0.49%"
"04/26/2024","63,766.4","64,497.1","64,771.3","63,354.9","61.60K","-1.13%"
"04/25/2024","64,497.1","64,287.1","65,247.5","62,889.2","80.77K","0.33%"
"04/24/2024","64,285.7","66,414.9","67,060.5","63,606.9","77.83K","-3.21%"
"04/23/2024","66,415.0","66,829.5","67,180.0","65,848.3","52.42K","-0.62%"
"04/22/2024","66,829.3","64,940.1","67,208.0","64,527.5","72.30K","2.91%"
"04/21/2024","64,940.2","64,942.1","65,680.6","64,267.5","42.02K","-0.03%"
"04/20/2024","64,961.1","63,817.6","65,375.6","63,131.7","49.33K","1.82%"
"04/19/2024","63,799.1","63,480.5","65,441.2","59,693.3","150.34K","0.50%"
"04/18/2024","63,481.4","61,278.9","64,092.4","60,822.3","97.38K","3.59%"
"04/17/2024","61,278.9","63,802.3","64,451.5","59,820.8","118.92K","-3.96%"
"04/16/2024","63,805.3","63,416.1","64,274.4","61,715.6","114.96K","0.62%"
"04/15/2024","63,411.9","65,696.6","66,805.1","62,379.5","118.79K","-3.48%"
"04/14/2024","65,697.4","63,909.5","65,758.2","62,174.7","134.40K","2.89%"
"04/13/2024","63,849.9","67,137.4","67,921.0","61,065.5","149.48K","-4.92%"
"04/12/2024","67,151.9","70,014.9","71,226.9","65,829.3","131.84K","-4.08%"
"04/11/2024","70,011.6","70,620.4","71,249.2","69,586.1","72.51K","-0.86%"
"04/10/2024","70,622.1","69,147.8","71,086.9","67,570.0","97.71K","2.13%"
"04/09/2024","69,148.0","71,627.3","71,737.2","68,264.6","93.69K","-3.47%"
"04/08/2024","71,630.1","69,358.0","72,710.8","69,110.5","105.78K","3.27%"
"04/07/2024","69,360.4","68,897.3","70,285.8","68,849.4","46.99K","0.68%"
"04/06/2024","68,890.6","67,830.5","69,632.0","67,467.2","41.48K","1.56%"
"04/05/2024","67,830.6","68,498.7","68,692.2","66,023.3","88.97K","-0.97%"
"04/04/2024","68,496.5","65,968.4","69,238.8","65,096.3","100.30K","3.84%"
"04/03/2024","65,963.0","65,443.6","66,844.8","64,559.0","88.46K","0.80%"
"04/02/2024","65,439.2","69,662.7","69,673.0","64,628.4","152.87K","-6.07%"
"04/01/2024","69,664.4","71,329.3","71,329.3","68,175.9","94.05K","-2.34%"
"03/31/2024","71,332.0","69,608.5","71,367.5","69,576.6","42.45K","2.47%"
"03/30/2024","69,611.5","69,872.3","70,321.2","69,564.9","29.87K","-0.37%"
"03/29/2024","69,871.7","70,766.7","70,907.0","69,090.9","58.99K","-1.26%"
"03/28/2024","70,762.1","69,449.4","71,542.5","68,956.9","72.49K","1.90%"
"03/27/2024","69,442.4","69,999.2","71,670.8","68,428.6","112.88K","-0.80%"
"03/26/2024","69,999.3","69,896.3","71,490.7","69,366.4","90.98K","0.15%"
"03/25/2024","69,892.0","67,216.4","71,118.8","66,395.0","124.72K","3.99%"
"03/24/2024","67,211.9","64,036.5","67,587.8","63,812.9","65.59K","4.96%"
"03/23/2024","64,037.8","63,785.6","65,972.4","63,074.9","35.11K","0.40%"
"03/22/2024","63,785.5","65,501.5","66,633.3","62,328.3","72.43K","-2.62%"
"03/21/2024","65,503.8","67,860.0","68,161.7","64,616.1","75.26K","-3.46%"
"03/20/2024","67,854.0","62,046.8","68,029.5","60,850.9","133.53K","9.35%"
"03/19/2024","62,050.0","67,594.1","68,099.6","61,560.6","148.08K","-8.20%"
"03/18/2024","67,594.1","68,389.7","68,920.1","66,601.4","78.07K","-1.17%"
"03/17/2024","68,391.2","65,314.2","68,857.7","64,605.5","66.07K","4.71%"
"03/16/2024","65,314.2","69,456.5","70,037.0","64,971.0","75.82K","-5.97%"
"03/15/2024","69,463.7","71,387.1","72,398.1","65,765.6","148.59K","-2.69%"
"03/14/2024","71,387.5","73,066.7","73,740.9","68,717.2","109.43K","-2.30%"
"03/13/2024","73,066.3","71,461.9","73,623.5","71,338.4","77.18K","2.23%"
"03/12/2024","71,470.2","72,099.1","72,916.7","68,845.6","105.09K","-0.87%"
"03/11/2024","72,099.1","68,964.7","72,771.5","67,452.8","114.72K","4.54%"
"03/10/2024","68,964.8","68,360.7","69,905.3","68,165.0","53.49K","0.88%"
"03/09/2024","68,366.5","68,178.5","68,576.9","67,923.9","30.71K","0.29%"
"03/08/2024","68,172.0","66,854.4","69,904.0","66,170.7","112.67K","1.97%"
"03/07/2024","66,855.3","66,074.6","67,985.5","65,602.6","77.47K","1.17%"
"03/06/2024","66,080.4","63,794.7","67,604.9","62,848.7","117.91K","3.59%"
"03/05/2024","63,792.6","68,273.1","69,063.1","60,138.2","207.60K","-6.56%"
"03/04/2024","68,270.1","63,135.8","68,495.1","62,746.8","130.86K","8.13%"
"03/03/2024","63,135.8","61,955.6","63,227.3","61,399.4","38.01K","1.84%"
"03/02/2024","61,994.5","62,397.7","62,446.3","61,621.9","33.80K","-0.65%"
"03/01/2024","62,397.7","61,157.3","63,147.3","60,790.9","74.96K","2.01%"
"02/29/2024","61,169.3","62,467.1","63,653.4","60,512.5","119.29K","-2.08%"
"02/28/2024","62,467.6","57,048.7","63,915.3","56,704.9","173.64K","9.48%"
"02/27/2024","57,056.2","54,491.1","57,555.2","54,464.0","100.48K","4.70%"
"02/26/2024","54,495.1","51,722.7","54,899.1","50,925.2","78.05K","5.36%"
"02/25/2024","51,722.7","51,572.1","51,952.0","51,299.0","23.61K","0.29%"
"02/24/2024","51,571.6","50,739.6","51,689.9","50,592.0","20.99K","1.64%"
"02/23/2024","50,740.5","51,320.6","51,532.5","50,537.6","43.27K","-1.13%"
"02/22/2024","51,320.4","51,850.2","52,015.8","50,947.3","50.27K","-1.04%"
"02/21/2024","51,858.2","52,263.5","52,367.3","50,676.9","59.02K","-0.78%"
"02/20/2024","52,263.5","51,783.1","52,936.8","50,801.8","68.10K","0.93%"
"02/19/2024","51,783.6","52,119.6","52,484.8","51,694.2","36.73K","-0.64%"
"02/18/2024","52,117.5","51,646.0","52,350.3","51,199.6","26.89K","0.91%"
"02/17/2024","51,646.0","52,134.2","52,175.5","50,652.3","32.45K","-0.94%"
"02/16/2024","52,134.2","51,901.4","52,556.7","51,612.6","52.86K","0.45%"
"02/15/2024","51,901.3","51,805.2","52,819.4","51,327.5","74.72K","0.23%"
"02/14/2024","51,782.4","49,708.6","52,010.7","49,263.8","80.35K","4.16%"
"02/13/2024","49,716.0","49,941.0","50,326.6","48,398.3","78.51K","-0.45%"
"02/12/2024","49,941.3","48,280.2","50,277.3","47,729.9","81.85K","3.45%"
"02/11/2024","48,277.3","47,759.3","48,531.6","47,590.2","36.50K","1.09%"
"02/10/2024","47,758.2","47,128.0","48,149.0","46,875.0","31.20K","1.34%"
"02/09/2024","47,127.5","45,293.3","48,118.8","45,254.2","98.11K","4.05%"
"02/08/2024","45,293.3","44,346.2","45,579.2","44,336.4","66.38K","2.15%"
"02/07/2024","44,339.8","43,088.4","44,367.9","42,783.5","48.57K","2.91%"
"02/06/2024","43,087.7","42,697.6","43,375.5","42,566.8","33.32K","0.91%"
"02/05/2024","42,697.2","42,581.4","43,532.2","42,272.5","39.26K","0.27%"
"02/04/2024","42,581.4","43,006.2","43,113.2","42,379.4","20.33K","-0.99%"
"02/03/2024","43,005.7","43,194.7","43,370.4","42,882.0","14.57K","-0.44%"
"02/02/2024","43,194.7","43,083.7","43,459.3","42,596.3","42.65K","0.26%"
"02/01/2024","43,081.4","42,580.1","43,263.1","41,890.5","47.69K","1.18%"
"01/31/2024","42,580.5","42,946.2","43,739.7","42,315.4","56.48K","-0.85%"
"01/30/2024","42,946.2","43,303.3","43,817.9","42,702.9","55.13K","-0.82%"
"01/29/2024","43,299.8","42,031.4","43,305.6","41,824.7","45.23K","3.02%"
"01/28/2024","42,030.7","42,121.3","42,817.1","41,649.0","32.53K","-0.21%"
"01/27/2024","42,120.9","41,811.5","42,191.8","41,413.0","20.46K","0.74%"
"01/26/2024","41,811.3","39,942.0","42,214.8","39,831.2","69.47K","4.70%"
"01/25/2024","39,935.7","40,085.1","40,285.8","39,546.3","46.30K","-0.37%"
"01/24/2024","40,086.0","39,891.3","40,535.2","39,510.0","58.64K","0.49%"
"01/23/2024","39,888.8","39,555.0","40,159.4","38,546.9","82.67K","0.84%"
"01/22/2024","39,556.4","41,581.7","41,684.9","39,468.4","85.10K","-4.87%"
"01/21/2024","41,583.2","41,695.4","41,878.0","41,504.5","16.11K","-0.27%"
"01/20/2024","41,695.4","41,647.6","41,858.0","41,449.5","22.27K","0.11%"
"01/19/2024","41,648.0","41,293.8","42,164.6","40,305.4","72.64K","0.86%"
"01/18/2024","41,292.7","42,763.5","42,908.0","40,682.6","70.35K","-3.45%"
"01/17/2024","42,768.7","43,139.1","43,192.3","42,211.8","50.44K","-0.87%"
"01/16/2024","43,145.5","42,515.2","43,563.7","42,093.1","63.93K","1.49%"
"01/15/2024","42,510.7","41,747.6","43,348.9","41,719.2","52.08K","1.83%"
"01/14/2024","41,746.1","42,851.3","43,069.4","41,739.6","37.14K","-2.58%"
"01/13/2024","42,851.3","42,836.7","43,248.6","42,443.3","48.18K","0.04%"
"01/12/2024","42,835.9","46,348.1","46,503.2","41,857.9","136.92K","-7.58%"
"01/11/2024","46,348.2","46,629.3","48,923.7","45,651.8","131.04K","-0.60%"
"01/10/2024","46,629.3","46,112.0","47,654.3","44,403.6","131.48K","1.08%"
"01/09/2024","46,129.0","46,959.2","47,880.1","45,333.9","100.09K","-1.77%"
"01/08/2024","46,962.2","43,934.2","47,196.7","43,251.0","103.09K","6.91%"
"01/07/2024","43,927.3","43,973.5","44,481.2","43,627.9","29.53K","-0.09%"
"01/06/2024","43,967.9","44,156.6","44,203.2","43,424.0","24.26K","-0.43%"
"01/05/2024","44,156.9","44,163.0","44,312.1","42,629.0","68.07K","0.00%"
"01/04/2024","44,157.0","42,836.1","44,744.5","42,632.8","68.05K","3.08%"
"01/03/2024","42,836.1","44,943.7","45,492.7","40,888.3","117.65K","-4.69%"
"01/02/2024","44,943.7","44,182.9","45,885.4","44,166.0","97.84K","1.72%"
"01/01/2024","44,183.4","42,272.5","44,187.0","42,196.7","36.30K","4.52%"